id,unstable_prob,stable_prob
TEST_0001,0.028613849,0.97138613
TEST_0002,0.99997103,2.8967857e-05
TEST_0003,0.99999344,6.556511e-06
TEST_0004,0.99984694,0.00015306473
TEST_0005,4.3103977e-05,0.9999569
TEST_0006,0.99979395,0.00020605326
TEST_0007,1.0441698e-06,0.9999989
TEST_0008,0.9979468,0.0020532012
TEST_0009,0.9999807,1.9311905e-05
TEST_0010,1.7807253e-07,0.9999998
TEST_0011,0.99999845,1.5497208e-06
TEST_0012,0.00024875204,0.99975127
TEST_0013,0.99985623,0.0001437664
TEST_0014,0.99919075,0.00080925226
TEST_0015,0.99999774,2.2649765e-06
TEST_0016,0.999811,0.00018900633
TEST_0017,0.05069778,0.9493022
TEST_0018,0.9959176,0.0040823817
TEST_0019,0.99940014,0.00059986115
TEST_0020,0.9986841,0.0013158917
TEST_0021,0.9995029,0.00049710274
TEST_0022,0.99997985,2.014637e-05
TEST_0023,0.99986327,0.00013673306
TEST_0024,0.9988311,0.0011689067
TEST_0025,0.10645595,0.8935441
TEST_0026,0.021377485,0.9786225
TEST_0027,8.025966e-06,0.99999195
TEST_0028,0.9999943,5.722046e-06
TEST_0029,0.9999826,1.7404556e-05
TEST_0030,0.9999808,1.9192696e-05
TEST_0031,0.9893505,0.010649502
TEST_0032,0.9999467,5.3286552e-05
TEST_0033,7.4156285e-11,1.0
TEST_0034,0.99986386,0.00013613701
TEST_0035,4.7798306e-08,0.99999994
TEST_0036,0.9999932,6.7949295e-06
TEST_0037,0.99998105,1.8954277e-05
TEST_0038,0.99993145,6.854534e-05
TEST_0039,0.9999862,1.3828278e-05
TEST_0040,0.99806815,0.0019318461
TEST_0041,0.9999341,6.592274e-05
TEST_0042,9.33573e-05,0.99990666
TEST_0043,0.99997056,2.9444695e-05
TEST_0044,0.9999422,5.7816505e-05
TEST_0045,0.9999862,1.3828278e-05
TEST_0046,1.12914795e-05,0.99998873
TEST_0047,0.99986064,0.00013935566
TEST_0048,4.7032027e-09,1.0
TEST_0049,7.342738e-05,0.99992657
TEST_0050,0.006708221,0.9932918
TEST_0051,0.99919766,0.0008023381
TEST_0052,0.17283309,0.8271669
TEST_0053,0.8226024,0.17739761
TEST_0054,0.99995005,4.9948692e-05
TEST_0055,0.25642663,0.74357337
TEST_0056,0.9999225,7.748604e-05
TEST_0057,0.9999809,1.9073486e-05
TEST_0058,0.0004109798,0.999589
TEST_0059,0.06444216,0.93555784
TEST_0060,0.99991214,8.785725e-05
TEST_0061,6.143023e-08,0.99999994
TEST_0062,0.9998815,0.000118494034
TEST_0063,0.99963343,0.00036656857
TEST_0064,0.9995708,0.00042921305
TEST_0065,0.99999154,8.46386e-06
TEST_0066,0.99993944,6.055832e-05
TEST_0067,0.99724776,0.0027522445
TEST_0068,0.999954,4.6014786e-05
TEST_0069,3.8561274e-10,1.0
TEST_0070,0.9999865,1.347065e-05
TEST_0071,0.00077331526,0.9992267
TEST_0072,0.9999678,3.2186508e-05
TEST_0073,0.9999726,2.7418137e-05
TEST_0074,0.999915,8.499622e-05
TEST_0075,0.9249251,0.07507491
TEST_0076,0.9999728,2.7179718e-05
TEST_0077,0.9999503,4.9710274e-05
TEST_0078,0.99355006,0.006449938
TEST_0079,0.99917716,0.0008228421
TEST_0080,6.751764e-05,0.99993247
TEST_0081,0.99999166,8.34465e-06
TEST_0082,0.9999858,1.41859055e-05
TEST_0083,0.00034462148,0.99965537
TEST_0084,0.9999726,2.7418137e-05
TEST_0085,0.99997807,2.193451e-05
TEST_0086,0.9999639,3.6120415e-05
TEST_0087,0.9999608,3.9219856e-05
TEST_0088,0.9998029,0.00019711256
TEST_0089,0.99997187,2.8133392e-05
TEST_0090,0.15708025,0.84291977
TEST_0091,6.195287e-09,1.0
TEST_0092,0.9970726,0.0029274225
TEST_0093,0.99981016,0.0001898408
TEST_0094,0.9164132,0.08358681
TEST_0095,0.9982565,0.0017434955
TEST_0096,0.9821432,0.017856777
TEST_0097,0.99322176,0.00677824
TEST_0098,0.99661666,0.0033833385
TEST_0099,0.98198706,0.01801294
TEST_0100,0.9999975,2.503395e-06
TEST_0101,0.99997973,2.026558e-05
TEST_0102,0.00043047642,0.99956954
TEST_0103,0.9999964,3.5762787e-06
TEST_0104,0.9995578,0.00044220686
TEST_0105,0.99998045,1.9550323e-05
TEST_0106,0.903399,0.09660101
TEST_0107,0.9999696,3.0398369e-05
TEST_0108,0.9998555,0.00014448166
TEST_0109,3.4129688e-08,0.99999994
TEST_0110,0.9999496,5.042553e-05
TEST_0111,0.99971634,0.0002836585
TEST_0112,0.99989676,0.000103235245
TEST_0113,0.9997856,0.0002143979
TEST_0114,0.99999344,6.556511e-06
TEST_0115,0.0013621022,0.9986379
TEST_0116,0.033383567,0.96661645
TEST_0117,0.01638956,0.98361045
TEST_0118,0.99990535,9.4652176e-05
TEST_0119,0.99992204,7.7962875e-05
TEST_0120,0.99587893,0.004121065
TEST_0121,0.99999905,9.536743e-07
TEST_0122,5.3820063e-08,0.99999994
TEST_0123,0.999933,6.699562e-05
TEST_0124,0.99931,0.00068998337
TEST_0125,0.9992593,0.0007407069
TEST_0126,0.9998393,0.00016069412
TEST_0127,0.999936,6.401539e-05
TEST_0128,0.00045103644,0.999549
TEST_0129,0.9999268,7.3194504e-05
TEST_0130,0.9999964,3.5762787e-06
TEST_0131,0.999969,3.0994415e-05
TEST_0132,0.99999905,9.536743e-07
TEST_0133,0.99997604,2.3961067e-05
TEST_0134,0.99995756,4.2438507e-05
TEST_0135,0.9990029,0.0009971261
TEST_0136,0.9997482,0.00025182962
TEST_0137,0.87163967,0.12836033
TEST_0138,0.9999958,4.172325e-06
TEST_0139,0.010445461,0.9895545
TEST_0140,0.9998988,0.00010120869
TEST_0141,0.9999969,3.0994415e-06
TEST_0142,3.0448697e-05,0.99996954
TEST_0143,0.967437,0.03256297
TEST_0144,0.026969243,0.97303075
TEST_0145,0.99982566,0.00017434359
TEST_0146,0.99995387,4.6133995e-05
TEST_0147,0.99977213,0.00022786856
TEST_0148,0.98359126,0.016408741
TEST_0149,0.9999882,1.180172e-05
TEST_0150,0.99949074,0.0005092621
TEST_0151,0.85100543,0.14899457
TEST_0152,0.99994755,5.2452087e-05
TEST_0153,0.99833184,0.0016681552
TEST_0154,0.999658,0.00034201145
TEST_0155,0.99998057,1.9431114e-05
TEST_0156,0.9806143,0.019385695
TEST_0157,0.99990404,9.596348e-05
TEST_0158,0.9999541,4.5895576e-05
TEST_0159,0.23889141,0.7611086
TEST_0160,0.19760852,0.80239147
TEST_0161,0.0024037892,0.9975962
TEST_0162,0.00046358423,0.9995364
TEST_0163,0.9999664,3.361702e-05
TEST_0164,0.9999825,1.7523766e-05
TEST_0165,0.99999297,7.033348e-06
TEST_0166,0.9999572,4.2796135e-05
TEST_0167,0.002811201,0.9971888
TEST_0168,0.99997437,2.5629997e-05
TEST_0169,0.017283242,0.98271674
TEST_0170,0.00019878981,0.9998012
TEST_0171,0.99520123,0.00479877
TEST_0172,0.99998295,1.7046928e-05
TEST_0173,0.9998123,0.00018769503
TEST_0174,0.99999404,5.9604645e-06
TEST_0175,0.99929845,0.00070154667
TEST_0176,0.9999918,8.225441e-06
TEST_0177,0.0005896206,0.9994104
TEST_0178,6.864645e-05,0.99993134
TEST_0179,0.93656147,0.063438535
TEST_0180,0.99997354,2.6464462e-05
TEST_0181,0.9998746,0.00012540817
TEST_0182,0.99998665,1.335144e-05
TEST_0183,9.735903e-06,0.9999903
TEST_0184,0.9999449,5.507469e-05
TEST_0185,0.9999255,7.4505806e-05
TEST_0186,0.99995387,4.6133995e-05
TEST_0187,0.004106297,0.9958937
TEST_0188,0.9995067,0.00049328804
TEST_0189,0.9999945,5.4836273e-06
TEST_0190,0.15957625,0.84042376
TEST_0191,0.99997866,2.1338463e-05
TEST_0192,0.015320203,0.9846798
TEST_0193,0.9999685,3.1471252e-05
TEST_0194,2.117924e-06,0.99999785
TEST_0195,0.99689984,0.0031001568
TEST_0196,0.99975497,0.0002450347
TEST_0197,0.00798069,0.9920193
TEST_0198,0.9848103,0.015189707
TEST_0199,0.99991834,8.165836e-05
TEST_0200,0.21789747,0.7821025
TEST_0201,0.31835732,0.68164265
TEST_0202,0.9999789,2.1100044e-05
TEST_0203,0.9999664,3.361702e-05
TEST_0204,0.999877,0.00012302399
TEST_0205,0.9999951,4.887581e-06
TEST_0206,0.9999361,6.389618e-05
TEST_0207,1.3107542e-05,0.9999869
TEST_0208,0.99935824,0.0006417632
TEST_0209,0.9976955,0.0023044944
TEST_0210,0.9993736,0.0006263852
TEST_0211,0.90005565,0.09994435
TEST_0212,3.7349342e-05,0.9999626
TEST_0213,0.9999914,8.583069e-06
TEST_0214,0.9998858,0.0001142025
TEST_0215,0.99995255,4.7445297e-05
TEST_0216,0.07967013,0.92032987
TEST_0217,0.9997539,0.00024610758
TEST_0218,7.4679015e-08,0.99999994
TEST_0219,0.9998661,0.00013387203
TEST_0220,0.99993455,6.54459e-05
TEST_0221,9.2641855e-08,0.9999999
TEST_0222,0.99998116,1.8835068e-05
TEST_0223,0.9999598,4.017353e-05
TEST_0224,0.99999225,7.748604e-06
TEST_0225,0.9997501,0.00024992228
TEST_0226,0.0015220438,0.99847794
TEST_0227,0.9999571,4.2915344e-05
TEST_0228,0.0022813613,0.99771863
TEST_0229,0.97975206,0.020247936
TEST_0230,0.9998541,0.00014591217
TEST_0231,0.9997955,0.00020450354
TEST_0232,0.9999988,1.1920929e-06
TEST_0233,0.99947053,0.00052946806
TEST_0234,0.99987054,0.00012946129
TEST_0235,0.0006102441,0.99938977
TEST_0236,0.00036878238,0.9996312
TEST_0237,0.9718146,0.028185427
TEST_0238,3.0051328e-07,0.9999997
TEST_0239,0.00011427267,0.99988574
TEST_0240,0.99996126,3.874302e-05
TEST_0241,0.99995184,4.8160553e-05
TEST_0242,0.9984816,0.0015184283
TEST_0243,0.99727964,0.002720356
TEST_0244,0.9999087,9.1314316e-05
TEST_0245,0.033233903,0.9667661
TEST_0246,0.9997453,0.00025469065
TEST_0247,1.5500553e-05,0.9999845
TEST_0248,0.9999727,2.7298927e-05
TEST_0249,0.9995541,0.00044590235
TEST_0250,0.0008371965,0.9991628
TEST_0251,0.9993654,0.00063461065
TEST_0252,0.999974,2.5987625e-05
TEST_0253,0.9997515,0.00024849176
TEST_0254,0.99981576,0.00018423796
TEST_0255,3.3584587e-05,0.99996644
TEST_0256,2.2409247e-07,0.99999976
TEST_0257,0.00034831176,0.9996517
TEST_0258,0.9999856,1.4424324e-05
TEST_0259,0.9999926,7.390976e-06
TEST_0260,0.0470424,0.95295763
TEST_0261,0.9997489,0.00025111437
TEST_0262,1.09442716e-07,0.9999999
TEST_0263,0.28348878,0.71651125
TEST_0264,0.98031086,0.019689143
TEST_0265,0.9989391,0.0010609031
TEST_0266,0.9998944,0.00010561943
TEST_0267,0.99999464,5.364418e-06
TEST_0268,0.0012597207,0.99874026
TEST_0269,0.999997,2.9802322e-06
TEST_0270,3.8465863e-05,0.99996156
TEST_0271,0.99939215,0.00060784817
TEST_0272,0.041631892,0.9583681
TEST_0273,0.99958867,0.00041133165
TEST_0274,0.002242738,0.99775726
TEST_0275,0.9999187,8.1300735e-05
TEST_0276,0.00027031417,0.9997297
TEST_0277,0.9999223,7.772446e-05
TEST_0278,0.9900248,0.009975195
TEST_0279,0.17285869,0.8271413
TEST_0280,0.9999826,1.7404556e-05
TEST_0281,0.9992111,0.0007889271
TEST_0282,0.9999783,2.169609e-05
TEST_0283,0.65307117,0.34692883
TEST_0284,0.00014983655,0.99985015
TEST_0285,2.5165618e-06,0.9999975
TEST_0286,0.99997437,2.5629997e-05
TEST_0287,0.9999839,1.6093254e-05
TEST_0288,0.99991584,8.416176e-05
TEST_0289,0.31117195,0.68882805
TEST_0290,0.99977416,0.000225842
TEST_0291,0.99878913,0.0012108684
TEST_0292,0.99682355,0.0031764507
TEST_0293,0.0005803597,0.9994196
TEST_0294,0.9997285,0.00027149916
TEST_0295,0.9999714,2.861023e-05
TEST_0296,0.9966311,0.0033689141
TEST_0297,0.9999871,1.2874603e-05
TEST_0298,0.9958807,0.004119277
TEST_0299,0.99151504,0.00848496
TEST_0300,0.9996667,0.00033330917
TEST_0301,0.9999603,3.9696693e-05
TEST_0302,0.913279,0.086721
TEST_0303,3.0517202e-07,0.9999997
TEST_0304,0.0013130364,0.99868697
TEST_0305,0.9986098,0.0013902187
TEST_0306,0.9999454,5.4597855e-05
TEST_0307,0.99993646,6.353855e-05
TEST_0308,0.9999869,1.3113022e-05
TEST_0309,0.99997413,2.5868416e-05
TEST_0310,0.99998736,1.2636185e-05
TEST_0311,0.9999163,8.368492e-05
TEST_0312,0.9999993,7.1525574e-07
TEST_0313,0.99948764,0.0005123615
TEST_0314,0.99998164,1.835823e-05
TEST_0315,0.00082069624,0.9991793
TEST_0316,0.124077976,0.875922
TEST_0317,0.07923269,0.9207673
TEST_0318,0.9217681,0.07823187
TEST_0319,0.99998,2.002716e-05
TEST_0320,0.7934133,0.20658672
TEST_0321,0.00087873003,0.99912125
TEST_0322,0.99942076,0.00057923794
TEST_0323,0.999663,0.00033700466
TEST_0324,0.99983704,0.0001629591
TEST_0325,0.999998,2.026558e-06
TEST_0326,1.9140296e-06,0.9999981
TEST_0327,1.2815223e-05,0.9999872
TEST_0328,0.9997056,0.00029438734
TEST_0329,0.08000634,0.91999364
TEST_0330,0.9989742,0.0010257959
TEST_0331,0.9999279,7.212162e-05
TEST_0332,0.38490584,0.6150942
TEST_0333,0.9999875,1.2516975e-05
TEST_0334,0.9999813,1.8715858e-05
TEST_0335,0.5393037,0.46069628
TEST_0336,0.50772744,0.49227256
TEST_0337,0.99997115,2.8848648e-05
TEST_0338,0.99998033,1.9669533e-05
TEST_0339,0.99998045,1.9550323e-05
TEST_0340,0.99996793,3.20673e-05
TEST_0341,0.99950075,0.0004992485
TEST_0342,0.99994695,5.3048134e-05
TEST_0343,0.0006862457,0.9993138
TEST_0344,0.99994195,5.8054924e-05
TEST_0345,0.00027555248,0.99972445
TEST_0346,4.102962e-05,0.999959
TEST_0347,0.9999976,2.3841858e-06
TEST_0348,0.9999949,5.1259995e-06
TEST_0349,0.999582,0.00041800737
TEST_0350,0.9999176,8.237362e-05
TEST_0351,0.9988262,0.0011737943
TEST_0352,2.7107508e-05,0.9999729
TEST_0353,0.99979824,0.00020176172
TEST_0354,0.14128284,0.85871714
TEST_0355,0.8849215,0.11507851
TEST_0356,3.840369e-06,0.9999962
TEST_0357,0.9989436,0.0010563731
TEST_0358,0.20217937,0.7978206
TEST_0359,1.3535557e-10,1.0
TEST_0360,0.27214518,0.72785485
TEST_0361,0.0016492411,0.99835074
TEST_0362,0.99997544,2.4557114e-05
TEST_0363,0.027727006,0.972273
TEST_0364,0.9999043,9.572506e-05
TEST_0365,0.00029719414,0.9997028
TEST_0366,0.9993105,0.00068950653
TEST_0367,0.99999404,5.9604645e-06
TEST_0368,0.9954136,0.0045863986
TEST_0369,0.9761766,0.02382338
TEST_0370,0.9999907,9.298325e-06
TEST_0371,0.00037487122,0.99962515
TEST_0372,0.9999914,8.583069e-06
TEST_0373,1.2558862e-05,0.9999874
TEST_0374,0.99905163,0.0009483695
TEST_0375,4.010943e-08,0.99999994
TEST_0376,0.9999924,7.6293945e-06
TEST_0377,0.999895,0.000105023384
TEST_0378,5.5094036e-09,1.0
TEST_0379,0.9999708,2.9206276e-05
TEST_0380,0.99974734,0.0002526641
TEST_0381,0.999887,0.00011301041
TEST_0382,0.99945456,0.0005454421
TEST_0383,0.99973065,0.0002693534
TEST_0384,0.7962549,0.20374513
TEST_0385,0.99400973,0.005990267
TEST_0386,0.9998709,0.00012910366
TEST_0387,0.9999008,9.918213e-05
TEST_0388,0.99906653,0.00093346834
TEST_0389,0.9999362,6.377697e-05
TEST_0390,0.99995434,4.5657158e-05
TEST_0391,0.00021564862,0.99978435
TEST_0392,4.269847e-07,0.9999996
TEST_0393,0.999876,0.00012397766
TEST_0394,0.9999758,2.4199486e-05
TEST_0395,0.9999014,9.858608e-05
TEST_0396,0.54421556,0.45578444
TEST_0397,0.00038598597,0.999614
TEST_0398,9.681128e-06,0.99999034
TEST_0399,0.999997,2.9802322e-06
TEST_0400,0.9997855,0.00021451712
TEST_0401,4.9917844e-08,0.99999994
TEST_0402,0.9998418,0.00015819073
TEST_0403,0.9999548,4.518032e-05
TEST_0404,0.9985719,0.0014281273
TEST_0405,0.9999776,2.2411346e-05
TEST_0406,0.9511356,0.048864424
TEST_0407,0.9999776,2.2411346e-05
TEST_0408,6.765596e-05,0.99993235
TEST_0409,0.9887398,0.0112602115
TEST_0410,0.9998847,0.00011527538
TEST_0411,0.9999927,7.2717667e-06
TEST_0412,0.9999958,4.172325e-06
TEST_0413,0.6309342,0.36906582
TEST_0414,0.9990609,0.0009390712
TEST_0415,0.99997926,2.0742416e-05
TEST_0416,0.999918,8.201599e-05
TEST_0417,0.99905854,0.00094145536
TEST_0418,0.99964964,0.0003503561
TEST_0419,0.9985654,0.0014346242
TEST_0420,7.393284e-05,0.9999261
TEST_0421,0.017180178,0.9828198
TEST_0422,0.99998486,1.513958e-05
TEST_0423,0.9998436,0.00015640259
TEST_0424,0.9933355,0.0066645145
TEST_0425,0.9998355,0.00016450882
TEST_0426,0.087114915,0.91288507
TEST_0427,0.9996921,0.0003079176
TEST_0428,0.00012048018,0.99987954
TEST_0429,0.99995005,4.9948692e-05
TEST_0430,0.9998579,0.00014209747
TEST_0431,8.391968e-08,0.99999994
TEST_0432,0.82799035,0.17200965
TEST_0433,0.99672663,0.0032733679
TEST_0434,0.99352276,0.0064772367
TEST_0435,0.97306156,0.026938438
TEST_0436,0.95266014,0.047339857
TEST_0437,0.20151904,0.798481
TEST_0438,0.19874297,0.801257
TEST_0439,0.99938357,0.00061643124
TEST_0440,0.99995565,4.4345856e-05
TEST_0441,0.9999869,1.3113022e-05
TEST_0442,0.9998342,0.00016582012
TEST_0443,0.99999726,2.7418137e-06
TEST_0444,0.9999678,3.2186508e-05
TEST_0445,0.9999589,4.1127205e-05
TEST_0446,0.99979526,0.00020474195
TEST_0447,0.59503555,0.40496445
TEST_0448,0.99495405,0.0050459504
TEST_0449,0.9990489,0.0009511113
TEST_0450,0.8965137,0.1034863
TEST_0451,0.99875796,0.0012420416
TEST_0452,6.583268e-05,0.9999342
TEST_0453,0.0006350426,0.999365
TEST_0454,0.0008225215,0.99917746
TEST_0455,5.8188984e-06,0.99999416
TEST_0456,0.9995395,0.0004605055
TEST_0457,0.9999672,3.2782555e-05
TEST_0458,0.9999883,1.168251e-05
TEST_0459,3.3273504e-09,1.0
TEST_0460,0.99935776,0.00064224005
TEST_0461,1.4906894e-07,0.9999998
TEST_0462,0.9999678,3.2186508e-05
TEST_0463,0.9999958,4.172325e-06
TEST_0464,0.9999832,1.680851e-05
TEST_0465,0.9990277,0.00097227097
TEST_0466,0.8772673,0.1227327
TEST_0467,2.0235294e-08,1.0
TEST_0468,0.86334974,0.13665026
TEST_0469,0.9972838,0.0027161837
TEST_0470,0.9840146,0.01598543
TEST_0471,0.9614142,0.038585782
TEST_0472,0.9999893,1.0728836e-05
TEST_0473,0.9594293,0.040570676
TEST_0474,0.99957544,0.00042456388
TEST_0475,0.0009636419,0.9990364
TEST_0476,0.99998856,1.1444092e-05
TEST_0477,0.9999987,1.3113022e-06
TEST_0478,0.9991259,0.0008741021
TEST_0479,0.9886412,0.011358798
TEST_0480,0.9999937,6.3180923e-06
TEST_0481,0.99980503,0.0001949668
TEST_0482,0.9998828,0.00011718273
TEST_0483,0.99383163,0.0061683655
TEST_0484,0.9553441,0.04465592
TEST_0485,0.9998344,0.0001655817
TEST_0486,0.99979454,0.00020545721
TEST_0487,0.9997719,0.00022810698
TEST_0488,0.22118814,0.7788119
TEST_0489,0.00023755124,0.9997625
TEST_0490,0.99982506,0.00017493963
TEST_0491,0.999846,0.0001540184
TEST_0492,0.999908,9.202957e-05
TEST_0493,0.9999987,1.3113022e-06
TEST_0494,0.9998796,0.00012040138
TEST_0495,0.99999046,9.536743e-06
TEST_0496,0.9252792,0.0747208
TEST_0497,4.3517367e-08,0.99999994
TEST_0498,0.0011108986,0.9988891
TEST_0499,0.9998654,0.00013458729
TEST_0500,0.99996936,3.0636787e-05
TEST_0501,0.9999635,3.6478043e-05
TEST_0502,0.9999876,1.2397766e-05
TEST_0503,0.019546842,0.98045313
TEST_0504,0.9995732,0.00042682886
TEST_0505,0.9999691,3.0875206e-05
TEST_0506,6.0479147e-06,0.999994
TEST_0507,0.9983902,0.0016098022
TEST_0508,0.9896841,0.010315895
TEST_0509,0.9900075,0.00999248
TEST_0510,0.9999808,1.9192696e-05
TEST_0511,4.0372746e-05,0.99995965
TEST_0512,0.9999769,2.3126602e-05
TEST_0513,0.989316,0.010684013
TEST_0514,0.99988484,0.000115156174
TEST_0515,0.008176157,0.99182385
TEST_0516,0.9999925,7.5101852e-06
TEST_0517,7.49985e-06,0.9999925
TEST_0518,0.6170757,0.38292432
TEST_0519,0.9999373,6.2704086e-05
TEST_0520,0.9998512,0.0001487732
TEST_0521,5.323646e-09,1.0
TEST_0522,0.0025363872,0.9974636
TEST_0523,0.99889106,0.0011089444
TEST_0524,0.999946,5.4001808e-05
TEST_0525,2.1097114e-06,0.9999979
TEST_0526,0.99992096,7.903576e-05
TEST_0527,0.0006464682,0.9993535
TEST_0528,0.99760604,0.002393961
TEST_0529,0.99917406,0.00082594156
TEST_0530,0.99739754,0.002602458
TEST_0531,0.9998883,0.000111699104
TEST_0532,0.9997056,0.00029438734
TEST_0533,0.9999871,1.2874603e-05
TEST_0534,0.9991598,0.0008401871
TEST_0535,0.9999987,1.3113022e-06
TEST_0536,0.9999987,1.3113022e-06
TEST_0537,0.9998869,0.000113129616
TEST_0538,4.399518e-06,0.9999956
TEST_0539,0.9999684,3.159046e-05
TEST_0540,0.99999285,7.1525574e-06
TEST_0541,1.7711915e-07,0.9999998
TEST_0542,0.9998784,0.000121593475
TEST_0543,0.9996978,0.00030219555
TEST_0544,0.99999595,4.053116e-06
TEST_0545,0.9998155,0.00018447638
TEST_0546,0.9999964,3.5762787e-06
TEST_0547,0.987394,0.012606025
TEST_0548,0.9999714,2.861023e-05
TEST_0549,3.0659856e-05,0.99996936
TEST_0550,0.0027614105,0.9972386
TEST_0551,0.7615928,0.2384072
TEST_0552,0.0009705764,0.9990294
TEST_0553,0.9999827,1.7285347e-05
TEST_0554,2.8631517e-09,1.0
TEST_0555,0.9999608,3.9219856e-05
TEST_0556,0.97489965,0.02510035
TEST_0557,0.10394992,0.8960501
TEST_0558,0.015323726,0.9846763
TEST_0559,0.9997483,0.00025171041
TEST_0560,0.00030813823,0.99969184
TEST_0561,0.9945057,0.0054942966
TEST_0562,0.9999341,6.592274e-05
TEST_0563,0.99999154,8.46386e-06
TEST_0564,0.9997824,0.00021761656
TEST_0565,0.9980331,0.0019668937
TEST_0566,7.4978954e-05,0.999925
TEST_0567,0.9999851,1.4901161e-05
TEST_0568,0.9983041,0.0016958714
TEST_0569,0.76621085,0.23378915
TEST_0570,0.99999416,5.841255e-06
TEST_0571,0.9999862,1.3828278e-05
TEST_0572,1.1518288e-05,0.9999885
TEST_0573,0.9999411,5.888939e-05
TEST_0574,0.78679377,0.21320623
TEST_0575,0.99997044,2.9563904e-05
TEST_0576,0.99997604,2.3961067e-05
TEST_0577,0.99999785,2.1457672e-06
TEST_0578,0.9999608,3.9219856e-05
TEST_0579,0.9919268,0.008073211
TEST_0580,0.9999732,2.682209e-05
TEST_0581,0.99998736,1.2636185e-05
TEST_0582,0.09529159,0.9047084
TEST_0583,0.99987817,0.000121831894
TEST_0584,0.00051004445,0.99948996
TEST_0585,0.9984112,0.0015888214
TEST_0586,0.42782623,0.5721738
TEST_0587,0.9999734,2.6583672e-05
TEST_0588,0.9996635,0.00033652782
TEST_0589,0.9996631,0.00033688545
TEST_0590,0.99989665,0.000103354454
TEST_0591,0.99461573,0.0053842664
TEST_0592,0.9993616,0.00063842535
TEST_0593,0.9999782,2.18153e-05
TEST_0594,0.99998116,1.8835068e-05
TEST_0595,0.99993527,6.4730644e-05
TEST_0596,0.00037249192,0.99962753
TEST_0597,0.54851407,0.45148593
TEST_0598,0.99998355,1.6450882e-05
TEST_0599,0.9975025,0.0024974942
TEST_0600,0.9999746,2.5391579e-05
TEST_0601,1.3727405e-06,0.9999986
TEST_0602,0.92775434,0.07224566
TEST_0603,0.010578306,0.98942167
TEST_0604,0.00052230153,0.9994777
TEST_0605,0.99995124,4.87566e-05
TEST_0606,0.99936694,0.00063306093
TEST_0607,5.1805837e-06,0.9999948
TEST_0608,0.91708153,0.082918465
TEST_0609,0.0005515934,0.9994484
TEST_0610,0.9996081,0.00039190054
TEST_0611,0.9997011,0.0002989173
TEST_0612,0.00063072,0.99936926
TEST_0613,0.9999205,7.9512596e-05
TEST_0614,0.99994874,5.1259995e-05
TEST_0615,0.98954016,0.01045984
TEST_0616,0.99892175,0.001078248
TEST_0617,0.99999535,4.6491623e-06
TEST_0618,0.99998856,1.1444092e-05
TEST_0619,0.99966264,0.0003373623
TEST_0620,0.9274379,0.0725621
TEST_0621,0.9999609,3.9100647e-05
TEST_0622,0.027898176,0.9721018
TEST_0623,0.99990785,9.214878e-05
TEST_0624,0.00015158039,0.9998484
TEST_0625,0.9902175,0.009782493
TEST_0626,0.99837506,0.0016249418
TEST_0627,0.052610204,0.9473898
TEST_0628,0.9999809,1.9073486e-05
TEST_0629,0.9999895,1.04904175e-05
TEST_0630,0.9998604,0.00013959408
TEST_0631,0.99999404,5.9604645e-06
TEST_0632,0.9979486,0.002051413
TEST_0633,0.99996114,3.886223e-05
TEST_0634,0.9998287,0.00017130375
TEST_0635,0.99987876,0.00012123585
TEST_0636,0.98484945,0.015150547
TEST_0637,7.291564e-05,0.9999271
TEST_0638,0.9996433,0.0003566742
TEST_0639,2.511395e-07,0.99999976
TEST_0640,0.999785,0.00021499395
TEST_0641,0.6835635,0.31643653
TEST_0642,0.042760495,0.9572395
TEST_0643,0.9999635,3.6478043e-05
TEST_0644,0.9917474,0.008252621
TEST_0645,0.87579364,0.124206364
TEST_0646,0.999992,7.987022e-06
TEST_0647,0.9999641,3.5881996e-05
TEST_0648,0.9981775,0.0018224716
TEST_0649,0.99998105,1.8954277e-05
TEST_0650,0.99983096,0.00016903877
TEST_0651,0.99983084,0.00016915798
TEST_0652,0.99998844,1.1563301e-05
TEST_0653,0.99999404,5.9604645e-06
TEST_0654,0.999946,5.4001808e-05
TEST_0655,0.99920636,0.00079363585
TEST_0656,0.00012202183,0.999878
TEST_0657,0.9999324,6.759167e-05
TEST_0658,0.99664944,0.003350556
TEST_0659,1.08009945e-05,0.9999892
TEST_0660,0.9998491,0.00015091896
TEST_0661,0.00390407,0.99609596
TEST_0662,0.9998548,0.00014519691
TEST_0663,0.9999995,4.7683716e-07
TEST_0664,0.9999944,5.6028366e-06
TEST_0665,0.64955616,0.35044384
TEST_0666,0.9972458,0.0027542114
TEST_0667,4.8442195e-10,1.0
TEST_0668,0.9994104,0.00058960915
TEST_0669,8.2609105e-05,0.9999174
TEST_0670,0.99813914,0.001860857
TEST_0671,0.99992895,7.104874e-05
TEST_0672,0.9999821,1.7881393e-05
TEST_0673,0.9999925,7.5101852e-06
TEST_0674,0.999969,3.0994415e-05
TEST_0675,0.852179,0.14782101
TEST_0676,0.999987,1.2993813e-05
TEST_0677,0.0013558515,0.9986442
TEST_0678,3.5949375e-07,0.99999964
TEST_0679,0.4834355,0.5165645
TEST_0680,0.99950504,0.00049495697
TEST_0681,0.0012779946,0.998722
TEST_0682,0.9990503,0.0009496808
TEST_0683,0.9992888,0.0007112026
TEST_0684,0.1764135,0.82358646
TEST_0685,0.99982303,0.00017696619
TEST_0686,0.15245755,0.84754246
TEST_0687,0.0005184423,0.99948156
TEST_0688,0.9999652,3.4809113e-05
TEST_0689,0.9961786,0.003821373
TEST_0690,0.99859196,0.0014080405
TEST_0691,0.999987,1.2993813e-05
TEST_0692,0.9996717,0.00032830238
TEST_0693,0.98496765,0.015032351
TEST_0694,0.9999937,6.3180923e-06
TEST_0695,0.9987675,0.0012325048
TEST_0696,0.00010873804,0.9998913
TEST_0697,0.9999788,2.1219254e-05
TEST_0698,0.93042773,0.06957227
TEST_0699,0.9996227,0.0003772974
TEST_0700,0.018696578,0.9813034
TEST_0701,0.99999547,4.529953e-06
TEST_0702,0.99998915,1.0848045e-05
TEST_0703,0.9384506,0.061549425
TEST_0704,0.99978656,0.00021344423
TEST_0705,0.99998283,1.7166138e-05
TEST_0706,0.99999774,2.2649765e-06
TEST_0707,3.5375004e-05,0.99996465
TEST_0708,0.0016116919,0.9983883
TEST_0709,0.99993086,6.914139e-05
TEST_0710,0.99689484,0.0031051636
TEST_0711,0.99998903,1.0967255e-05
TEST_0712,0.9999528,4.720688e-05
TEST_0713,0.4250139,0.5749861
TEST_0714,0.999964,3.6001205e-05
TEST_0715,0.99995327,4.673004e-05
TEST_0716,0.2309124,0.7690876
TEST_0717,0.009886705,0.9901133
TEST_0718,0.99998236,1.7642975e-05
TEST_0719,0.99999833,1.66893e-06
TEST_0720,0.999967,3.3020973e-05
TEST_0721,0.9999856,1.4424324e-05
TEST_0722,1.1163816e-06,0.99999887
TEST_0723,0.9999691,3.0875206e-05
TEST_0724,0.99864954,0.0013504624
TEST_0725,0.003825374,0.99617463
TEST_0726,0.9959948,0.0040051937
TEST_0727,0.0033575483,0.9966425
TEST_0728,0.00068478676,0.9993152
TEST_0729,0.0003436158,0.9996564
TEST_0730,0.99996674,3.325939e-05
TEST_0731,7.915246e-05,0.99992085
TEST_0732,0.9990544,0.0009456277
TEST_0733,0.99999726,2.7418137e-06
TEST_0734,0.9990602,0.00093978643
TEST_0735,0.9999968,3.2186508e-06
TEST_0736,0.8842057,0.1157943
TEST_0737,0.99998415,1.5854836e-05
TEST_0738,0.99997103,2.8967857e-05
TEST_0739,0.8422223,0.15777773
TEST_0740,2.6790633e-05,0.99997324
TEST_0741,0.00011357199,0.99988645
TEST_0742,0.9999912,8.821487e-06
TEST_0743,0.99997604,2.3961067e-05
TEST_0744,0.9597619,0.040238082
TEST_0745,0.99978167,0.00021833181
TEST_0746,0.9995024,0.0004975796
TEST_0747,0.9999757,2.4318695e-05
TEST_0748,0.9999877,1.2278557e-05
TEST_0749,0.99996436,3.5643578e-05
TEST_0750,0.99917597,0.0008240342
TEST_0751,0.999694,0.00030601025
TEST_0752,0.9999734,2.6583672e-05
TEST_0753,0.99985945,0.00014054775
TEST_0754,0.9998865,0.000113487244
TEST_0755,0.999997,2.9802322e-06
TEST_0756,0.99999654,3.4570694e-06
TEST_0757,0.9999317,6.830692e-05
TEST_0758,0.9999825,1.7523766e-05
TEST_0759,0.015131566,0.9848684
TEST_0760,0.9997789,0.00022107363
TEST_0761,0.8891659,0.11083412
TEST_0762,0.99995327,4.673004e-05
TEST_0763,0.016013136,0.98398685
TEST_0764,0.9867683,0.013231695
TEST_0765,0.15881495,0.84118503
TEST_0766,0.9999689,3.1113625e-05
TEST_0767,4.7115336e-06,0.9999953
TEST_0768,0.9999769,2.3126602e-05
TEST_0769,0.9999689,3.1113625e-05
TEST_0770,6.0915485e-05,0.9999391
TEST_0771,0.99999344,6.556511e-06
TEST_0772,0.99475783,0.005242169
TEST_0773,0.9999224,7.760525e-05
TEST_0774,0.99938595,0.00061404705
TEST_0775,0.9968892,0.003110826
TEST_0776,0.99984217,0.0001578331
TEST_0777,4.79892e-05,0.999952
TEST_0778,0.9999677,3.2305717e-05
TEST_0779,0.9993967,0.0006033182
TEST_0780,0.9998398,0.00016021729
TEST_0781,0.99997866,2.1338463e-05
TEST_0782,0.99998844,1.1563301e-05
TEST_0783,0.9927255,0.0072745085
TEST_0784,0.99924254,0.0007574558
TEST_0785,0.99998164,1.835823e-05
TEST_0786,0.36859527,0.63140476
TEST_0787,0.9999832,1.680851e-05
TEST_0788,0.99997437,2.5629997e-05
TEST_0789,0.998408,0.0015919805
TEST_0790,0.9996191,0.00038087368
TEST_0791,0.9998833,0.000116705894
TEST_0792,0.99994683,5.3167343e-05
TEST_0793,0.99999404,5.9604645e-06
TEST_0794,0.00034331062,0.9996567
TEST_0795,0.9999925,7.5101852e-06
TEST_0796,0.9999037,9.6321106e-05
TEST_0797,0.99995923,4.0769577e-05
TEST_0798,0.99999416,5.841255e-06
TEST_0799,0.9998099,0.00019007921
TEST_0800,0.99993503,6.496906e-05
TEST_0801,0.99999857,1.4305115e-06
TEST_0802,0.99999285,7.1525574e-06
TEST_0803,0.0038939312,0.9961061
TEST_0804,0.9963057,0.0036942959
TEST_0805,0.99992466,7.534027e-05
TEST_0806,2.2344484e-09,1.0
TEST_0807,0.9943297,0.005670309
TEST_0808,0.9999888,1.1205673e-05
TEST_0809,0.6384042,0.3615958
TEST_0810,0.9998683,0.00013172626
TEST_0811,0.99958676,0.000413239
TEST_0812,0.9863311,0.013668895
TEST_0813,0.99999714,2.861023e-06
TEST_0814,0.99997616,2.3841858e-05
TEST_0815,0.9995395,0.0004605055
TEST_0816,0.9989213,0.0010787249
TEST_0817,0.9999814,1.859665e-05
TEST_0818,0.9999924,7.6293945e-06
TEST_0819,6.7084366e-06,0.99999326
TEST_0820,0.99879634,0.0012036562
TEST_0821,0.99925786,0.00074213743
TEST_0822,0.0013337637,0.9986662
TEST_0823,0.99858654,0.0014134645
TEST_0824,0.99811184,0.0018881559
TEST_0825,0.9999149,8.511543e-05
TEST_0826,0.999969,3.0994415e-05
TEST_0827,0.00012357262,0.99987644
TEST_0828,0.0033651504,0.99663484
TEST_0829,0.82041353,0.17958647
TEST_0830,0.99997604,2.3961067e-05
TEST_0831,0.99943465,0.00056535006
TEST_0832,0.9002555,0.0997445
TEST_0833,0.99995124,4.87566e-05
TEST_0834,0.10323943,0.8967606
TEST_0835,0.8197737,0.18022633
TEST_0836,0.9999337,6.6280365e-05
TEST_0837,5.1135354e-05,0.99994886
TEST_0838,0.9999434,5.6624413e-05
TEST_0839,0.9999832,1.680851e-05
TEST_0840,0.9999938,6.198883e-06
TEST_0841,0.99994195,5.8054924e-05
TEST_0842,0.9999337,6.6280365e-05
TEST_0843,0.9999043,9.572506e-05
TEST_0844,0.9585541,0.04144591
TEST_0845,0.9997745,0.00022548437
TEST_0846,0.9999695,3.0517578e-05
TEST_0847,0.99996984,3.015995e-05
TEST_0848,6.2830622e-06,0.99999374
TEST_0849,0.99983823,0.000161767
TEST_0850,0.0011767688,0.9988232
TEST_0851,0.99996805,3.194809e-05
TEST_0852,0.99982375,0.00017625093
TEST_0853,0.9999949,5.1259995e-06
TEST_0854,0.0023987768,0.9976012
TEST_0855,0.8940067,0.10599327
TEST_0856,0.9994462,0.00055378675
TEST_0857,0.9999739,2.6106834e-05
TEST_0858,1.5994996e-05,0.999984
TEST_0859,0.9987338,0.0012661815
TEST_0860,0.99999166,8.34465e-06
TEST_0861,0.9950653,0.004934728
TEST_0862,0.9219487,0.07805133
TEST_0863,0.09654746,0.9034525
TEST_0864,0.99998045,1.9550323e-05
TEST_0865,0.9996729,0.0003271103
TEST_0866,0.96995574,0.030044258
TEST_0867,0.99999404,5.9604645e-06
TEST_0868,7.4581817e-06,0.99999255
TEST_0869,0.00019293482,0.99980706
TEST_0870,0.9815368,0.018463194
TEST_0871,0.99997616,2.3841858e-05
TEST_0872,0.0035536843,0.9964463
TEST_0873,0.99998343,1.6570091e-05
TEST_0874,0.9999809,1.9073486e-05
TEST_0875,0.99973315,0.00026685
TEST_0876,0.99998593,1.4066696e-05
TEST_0877,1.4817289e-07,0.9999999
TEST_0878,0.9970294,0.0029705763
TEST_0879,0.9925029,0.007497072
TEST_0880,0.9994854,0.0005146265
TEST_0881,0.00013007324,0.99986994
TEST_0882,0.9999796,2.0384789e-05
TEST_0883,0.0066390997,0.9933609
TEST_0884,3.1880652e-05,0.9999681
TEST_0885,0.9997359,0.00026410818
TEST_0886,0.07821302,0.92178696
TEST_0887,0.9999156,8.440018e-05
TEST_0888,0.69044983,0.30955017
TEST_0889,0.99999774,2.2649765e-06
TEST_0890,0.0001345924,0.9998654
TEST_0891,0.9999908,9.179115e-06
TEST_0892,0.9996685,0.00033152103
TEST_0893,0.99951935,0.00048065186
TEST_0894,0.9990835,0.000916481
TEST_0895,0.99997675,2.3245811e-05
TEST_0896,0.99999166,8.34465e-06
TEST_0897,0.9999918,8.225441e-06
TEST_0898,0.9999181,8.189678e-05
TEST_0899,2.830687e-05,0.9999717
TEST_0900,0.99992955,7.045269e-05
TEST_0901,0.9994388,0.00056117773
TEST_0902,0.9999542,4.5776367e-05
TEST_0903,0.9997297,0.00027030706
TEST_0904,0.16906373,0.83093625
TEST_0905,7.2371023e-07,0.9999993
TEST_0906,0.9985869,0.0014131069
TEST_0907,0.99980897,0.00019103289
TEST_0908,0.99988925,0.00011074543
TEST_0909,0.996856,0.0031440258
TEST_0910,0.9999479,5.209446e-05
TEST_0911,0.99993527,6.4730644e-05
TEST_0912,0.99999225,7.748604e-06
TEST_0913,0.9869703,0.013029695
TEST_0914,0.99994636,5.364418e-05
TEST_0915,0.011766764,0.9882332
TEST_0916,1.8340877e-06,0.99999815
TEST_0917,0.9999324,6.759167e-05
TEST_0918,0.99999714,2.861023e-06
TEST_0919,0.9997998,0.000200212
TEST_0920,8.241055e-07,0.99999917
TEST_0921,0.9954104,0.0045896173
TEST_0922,1.3444402e-07,0.9999999
TEST_0923,0.99999285,7.1525574e-06
TEST_0924,0.99991953,8.046627e-05
TEST_0925,1.0711419e-06,0.9999989
TEST_0926,1.3764865e-05,0.99998623
TEST_0927,0.0006378067,0.9993622
TEST_0928,0.0059218495,0.99407816
TEST_0929,0.99979466,0.000205338
TEST_0930,0.99992585,7.414818e-05
TEST_0931,0.9999496,5.042553e-05
TEST_0932,1.0956119e-06,0.9999989
TEST_0933,0.9997831,0.0002169013
TEST_0934,0.9993723,0.0006276965
TEST_0935,0.9998047,0.00019532442
TEST_0936,7.970903e-05,0.9999203
TEST_0937,0.999979,2.0980835e-05
TEST_0938,0.8660416,0.1339584
TEST_0939,0.00021270919,0.9997873
TEST_0940,0.99752766,0.002472341
TEST_0941,0.9999912,8.821487e-06
TEST_0942,8.587469e-05,0.9999141
TEST_0943,0.00024775648,0.9997522
TEST_0944,0.9999994,5.9604645e-07
TEST_0945,0.99987745,0.00012254715
TEST_0946,0.99971336,0.00028663874
TEST_0947,0.9999242,7.581711e-05
TEST_0948,0.99996555,3.4451485e-05
TEST_0949,0.03949113,0.9605089
TEST_0950,0.99783176,0.0021682382
TEST_0951,0.99998,2.002716e-05
TEST_0952,0.99998987,1.013279e-05
TEST_0953,0.9999976,2.3841858e-06
TEST_0954,0.999298,0.0007020235
TEST_0955,0.9968556,0.0031443834
TEST_0956,0.9975109,0.00248909
TEST_0957,4.857004e-05,0.9999514
TEST_0958,0.9999988,1.1920929e-06
TEST_0959,0.99978083,0.00021916628
TEST_0960,4.794331e-06,0.99999523
TEST_0961,0.9979208,0.0020791888
TEST_0962,3.7533722e-05,0.99996245
TEST_0963,0.99995434,4.5657158e-05
TEST_0964,0.9999888,1.1205673e-05
TEST_0965,0.91386735,0.086132646
TEST_0966,2.7643568e-05,0.99997234
TEST_0967,0.00010821526,0.99989176
TEST_0968,3.848582e-06,0.9999961
TEST_0969,0.13644053,0.8635595
TEST_0970,0.5901329,0.4098671
TEST_0971,0.99999225,7.748604e-06
TEST_0972,0.36408395,0.63591605
TEST_0973,0.99990845,9.1552734e-05
TEST_0974,0.9999603,3.9696693e-05
TEST_0975,0.00018102273,0.999819
TEST_0976,0.9996668,0.00033318996
TEST_0977,3.0157633e-05,0.99996984
TEST_0978,0.99997616,2.3841858e-05
TEST_0979,0.9967326,0.0032674074
TEST_0980,0.99982494,0.00017505884
TEST_0981,0.99984515,0.00015485287
TEST_0982,0.9972287,0.002771318
TEST_0983,0.77025855,0.22974145
TEST_0984,5.0116614e-07,0.9999995
TEST_0985,0.96217465,0.037825346
TEST_0986,0.00060387026,0.99939615
TEST_0987,0.96733284,0.03266716
TEST_0988,0.9688344,0.0311656
TEST_0989,0.012047864,0.9879521
TEST_0990,0.9999821,1.7881393e-05
TEST_0991,0.0022956575,0.9977043
TEST_0992,0.999987,1.2993813e-05
TEST_0993,0.99749726,0.0025027394
TEST_0994,0.9932001,0.0067998767
TEST_0995,0.9995209,0.00047910213
TEST_0996,6.9457965e-05,0.99993056
TEST_0997,0.0043204483,0.99567956
TEST_0998,0.99999344,6.556511e-06
TEST_0999,0.9997869,0.0002130866
TEST_1000,1.5355674e-06,0.99999845
